<?xml version="1.0" encoding="UTF-8" standalone="no"?>
<empleados>
    <empleado>
        <CODEMP>1</CODEMP>
        <NOMEMP>Empleado1</NOMEMP>
        <DIREMP>Dirección1</DIREMP>
        <SALEMP>31000.0</SALEMP>
        <COMMEMP>0.05000000074505806</COMMEMP>
    </empleado>
    <empleado>
        <CODEMP>2</CODEMP>
        <NOMEMP>Empleado2</NOMEMP>
        <DIREMP>Dirección2</DIREMP>
        <SALEMP>32000.0</SALEMP>
        <COMMEMP>0.10000000149011612</COMMEMP>
    </empleado>
    <empleado>
        <CODEMP>3</CODEMP>
        <NOMEMP>Empleado3</NOMEMP>
        <DIREMP>Dirección3</DIREMP>
        <SALEMP>33000.0</SALEMP>
        <COMMEMP>0.15000000596046448</COMMEMP>
    </empleado>
    <empleado>
        <CODEMP>4</CODEMP>
        <NOMEMP>Empleado4</NOMEMP>
        <DIREMP>Dirección4</DIREMP>
        <SALEMP>34000.0</SALEMP>
        <COMMEMP>0.20000000298023224</COMMEMP>
    </empleado>
    <empleado>
        <CODEMP>5</CODEMP>
        <NOMEMP>Empleado5</NOMEMP>
        <DIREMP>Dirección5</DIREMP>
        <SALEMP>35000.0</SALEMP>
        <COMMEMP>0.25</COMMEMP>
    </empleado>
</empleados>
